Time (s),Acceleration (m/s^2),Velocity (m/s),Altitude (m)
0,0,0,0
0.1,36.2398,1.31577,0.0274339
0.2,83.6669,7.29436,0.41843
0.3,100.72,17.6255,1.64296
0.4,45.991,24.8464,3.8143
0.5,45.7287,29.4338,6.52853
0.6,45.2959,33.9864,9.6999
0.7,44.697,38.4874,13.3241
0.8,43.9392,42.9205,17.3951
0.9,43.0316,47.2703,21.9054
1,41.9858,51.5223,26.8459
1.1,40.8148,55.6633,32.2062
1.2,39.5331,59.6815,37.9745
1.3,38.1562,63.5667,44.138
1.4,36.7004,67.3101,50.6831
1.5,35.1819,70.9047,57.5951
1.6,33.6169,74.345,64.8589
1.7,32.0212,77.627,72.4588
1.8,30.4098,80.7487,80.3789
1.9,28.7967,83.709,88.6031
2,27.1948,86.5084,97.1153
2.1,25.6155,89.1487,105.9
2.2,24.0691,91.6326,114.94
2.3,22.5644,93.9639,124.221
2.4,21.1085,96.1471,133.728
2.5,19.7076,98.1874,143.446
2.6,18.3662,100.091,153.361
2.7,17.0879,101.863,163.459
2.8,15.8749,103.51,173.729
2.9,14.7286,105.04,184.157
3,13.6496,106.458,194.733
3.1,-63.6008,103.806,205.322
3.2,-57.4717,97.7605,215.395
3.3,-52.2402,92.2816,224.893
3.4,-47.7396,87.2881,233.867
3.5,-43.8404,82.7137,242.364
3.6,-40.4403,78.5034,250.422
3.7,-37.4582,74.6117,258.076
3.8,-34.8287,71,265.354
3.9,-32.4988,67.636,272.284
4,-30.4252,64.4917,278.889
4.1,-28.5721,61.5436,285.189
4.2,-26.9097,58.771,291.203
4.3,-25.4133,56.1561,296.948
4.4,-24.0619,53.6835,302.439
4.5,-22.8379,51.3395,307.689
4.6,-21.7262,49.1122,312.711
4.7,-20.714,46.991,317.515
4.8,-19.7902,44.9664,322.112
4.9,-18.9454,43.0303,326.511
5,-18.1712,41.175,330.721
5.1,-17.4605,39.3939,334.749
5.2,-16.8071,37.681,338.602
5.3,-16.2053,36.0308,342.287
5.4,-15.6505,34.4384,345.81
5.5,-15.1384,32.8993,349.177
5.6,-14.6652,31.4094,352.392
5.7,-14.2277,29.965,355.46
5.8,-13.8227,28.5628,358.386
5.9,-13.4478,27.1995,361.174
6,-13.1006,25.8723,363.827
6.1,-12.779,24.5785,366.349
6.2,-12.4812,23.3157,368.744
6.3,-12.2053,22.0815,371.014
6.4,-11.9501,20.8739,373.161
6.5,-11.714,19.6909,375.189
6.6,-11.4959,18.5305,377.1
6.7,-11.2947,17.3911,378.896
6.8,-11.1094,16.2711,380.579
6.9,-10.9391,15.1688,382.151
7,-10.7831,14.0828,383.613
7.1,-10.6406,13.0117,384.968
7.2,-10.511,11.9542,386.216
7.3,-10.3937,10.9091,387.359
7.4,-10.2883,9.87508,388.398
7.5,-10.1942,8.85105,389.334
7.6,-10.1111,7.83587,390.169
7.7,-10.0386,6.82848,390.902
7.8,-9.97652,5.8278,391.535
7.9,-9.92451,4.83284,392.068
8,-9.88239,3.84257,392.501
8.1,-9.84999,2.85604,392.836
8.2,-9.82718,1.87226,393.073
8.3,-9.81389,0.890283,393.211
8.4,-9.80491,-0.0908193,393.251
8.5,-9.134,-1.04675,393.193
8.6,-7.60878,-1.88884,393.045
8.7,-5.77197,-2.55825,392.821
8.8,-4.0768,-3.04825,392.54
8.9,-2.73706,-3.38567,392.217
9,-1.77573,-3.60837,391.866
9.1,-1.12659,-3.75124,391.498
9.2,-0.70459,-3.84124,391.118
9.3,-0.43666,-3.89727,390.731
9.4,-0.269012,-3.93189,390.339
9.5,-0.165051,-3.95318,389.945
9.6,-0.100938,-3.96622,389.549
9.7,-0.0615333,-3.97419,389.152
9.8,-0.0373649,-3.97903,388.754
9.9,-0.0225603,-3.98197,388.356
10,-0.0134988,-3.98373,387.958
10.1,-0.00795517,-3.98478,387.559
10.2,-0.00456471,-3.9854,387.161
10.3,-0.0024915,-3.98574,386.762
10.4,-0.00122394,-3.98592,386.363
10.5,-0.000449004,-3.986,385.965
10.6,2.47257e-05,-3.98602,385.566
10.7,0.000314309,-3.986,385.168
10.8,0.000491317,-3.98596,384.769
10.9,0.000599505,-3.98591,384.37
11,0.000665624,-3.98584,383.972
11.1,0.000706027,-3.98578,383.573
11.2,0.000730709,-3.9857,383.175
11.3,0.000745782,-3.98563,382.776
11.4,0.000754981,-3.98555,382.378
11.5,0.000760589,-3.98548,381.979
11.6,0.000764003,-3.9854,381.581
11.7,0.000766076,-3.98533,381.182
11.8,0.000767328,-3.98525,380.783
11.9,0.00076808,-3.98517,380.385
12,0.000768525,-3.9851,379.986
12.1,0.000768782,-3.98502,379.588
12.2,0.000768926,-3.98494,379.189
12.3,0.000768999,-3.98486,378.791
12.4,0.000769029,-3.98479,378.392
12.5,0.000769034,-3.98471,377.994
12.6,0.000769022,-3.98463,377.596
12.7,0.000769001,-3.98456,377.197
12.8,0.000768974,-3.98448,376.799
12.9,0.000768943,-3.9844,376.4
13,0.00076891,-3.98433,376.002
13.1,0.000768875,-3.98425,375.603
13.2,0.00076884,-3.98417,375.205
13.3,0.000768804,-3.9841,374.806
13.4,0.000768768,-3.98402,374.408
13.5,0.000768731,-3.98394,374.01
13.6,0.000768695,-3.98387,373.611
13.7,0.000768658,-3.98379,373.213
13.8,0.000768622,-3.98371,372.815
13.9,0.000768585,-3.98363,372.416
14,0.000768549,-3.98356,372.018
14.1,0.000768512,-3.98348,371.619
14.2,0.000768475,-3.9834,371.221
14.3,0.000768439,-3.98333,370.823
14.4,0.000768402,-3.98325,370.424
14.5,0.000768366,-3.98317,370.026
14.6,0.000768329,-3.9831,369.628
14.7,0.000768292,-3.98302,369.229
14.8,0.000768256,-3.98294,368.831
14.9,0.000768219,-3.98287,368.433
15,0.000768183,-3.98279,368.035
15.1,0.000768146,-3.98271,367.636
15.2,0.000768109,-3.98264,367.238
15.3,0.000768073,-3.98256,366.84
15.4,0.000768036,-3.98248,366.442
15.5,0.000768,-3.98241,366.043
15.6,0.000767963,-3.98233,365.645
15.7,0.000767926,-3.98225,365.247
15.8,0.00076789,-3.98217,364.849
15.9,0.000767853,-3.9821,364.45
16,0.000767817,-3.98202,364.052
16.1,0.00076778,-3.98194,363.654
16.2,0.000767744,-3.98187,363.256
16.3,0.000767707,-3.98179,362.858
16.4,0.00076767,-3.98171,362.459
16.5,0.000767634,-3.98164,362.061
16.6,0.000767597,-3.98156,361.663
16.7,0.000767561,-3.98148,361.265
16.8,0.000767524,-3.98141,360.867
16.9,0.000767488,-3.98133,360.469
17,0.000767451,-3.98125,360.071
17.1,0.000767415,-3.98118,359.672
17.2,0.000767378,-3.9811,359.274
17.3,0.000767342,-3.98102,358.876
17.4,0.000767305,-3.98095,358.478
17.5,0.000767269,-3.98087,358.08
17.6,0.000767232,-3.98079,357.682
17.7,0.000767195,-3.98072,357.284
17.8,0.000767159,-3.98064,356.886
17.9,0.000767122,-3.98056,356.488
18,0.000767086,-3.98049,356.09
18.1,0.000767049,-3.98041,355.692
18.2,0.000767013,-3.98033,355.294
18.3,0.000766976,-3.98026,354.896
18.4,0.00076694,-3.98018,354.498
18.5,0.000766903,-3.9801,354.1
18.6,0.000766867,-3.98003,353.702
18.7,0.00076683,-3.97995,353.304
18.8,0.000766794,-3.97987,352.906
18.9,0.000766757,-3.9798,352.508
19,0.000766721,-3.97972,352.11
19.1,0.000766684,-3.97964,351.712
19.2,0.000766648,-3.97957,351.314
19.3,0.000766612,-3.97949,350.916
19.4,0.000766575,-3.97941,350.518
19.5,0.000766539,-3.97934,350.12
19.6,0.000766502,-3.97926,349.722
19.7,0.000766466,-3.97918,349.324
19.8,0.000766429,-3.97911,348.926
19.9,0.000766393,-3.97903,348.528
20,0.000766356,-3.97895,348.13
20.1,0.00076632,-3.97888,347.732
20.2,0.000766283,-3.9788,347.334
20.3,0.000766247,-3.97872,346.937
20.4,0.00076621,-3.97865,346.539
20.5,0.000766174,-3.97857,346.141
20.6,0.000766138,-3.97849,345.743
20.7,0.000766101,-3.97842,345.345
20.8,0.000766065,-3.97834,344.947
20.9,0.000766028,-3.97826,344.55
21,0.000765992,-3.97819,344.152
21.1,0.000765955,-3.97811,343.754
21.2,0.000765919,-3.97803,343.356
21.3,0.000765883,-3.97796,342.958
21.4,0.000765846,-3.97788,342.56
21.5,0.00076581,-3.9778,342.163
21.6,0.000765773,-3.97773,341.765
21.7,0.000765737,-3.97765,341.367
21.8,0.0007657,-3.97757,340.969
21.9,0.000765664,-3.9775,340.572
22,0.000765628,-3.97742,340.174
22.1,0.000765591,-3.97734,339.776
22.2,0.000765555,-3.97727,339.378
22.3,0.000765518,-3.97719,338.981
22.4,0.000765482,-3.97711,338.583
22.5,0.000765446,-3.97704,338.185
22.6,0.000765409,-3.97696,337.788
22.7,0.000765373,-3.97689,337.39
22.8,0.000765337,-3.97681,336.992
22.9,0.0007653,-3.97673,336.595
23,0.000765264,-3.97666,336.197
23.1,0.000765227,-3.97658,335.799
23.2,0.000765191,-3.9765,335.402
23.3,0.000765155,-3.97643,335.004
23.4,0.000765118,-3.97635,334.606
23.5,0.000765082,-3.97627,334.209
23.6,0.000765046,-3.9762,333.811
23.7,0.000765009,-3.97612,333.413
23.8,0.000764973,-3.97604,333.016
23.9,0.000764937,-3.97597,332.618
24,0.0007649,-3.97589,332.221
24.1,0.000764864,-3.97581,331.823
24.2,0.000764827,-3.97574,331.425
24.3,0.000764791,-3.97566,331.028
24.4,0.000764755,-3.97558,330.63
24.5,0.000764718,-3.97551,330.233
24.6,0.000764682,-3.97543,329.835
24.7,0.000764646,-3.97536,329.438
24.8,0.000764609,-3.97528,329.04
24.9,0.000764573,-3.9752,328.643
25,0.000764537,-3.97513,328.245
25.1,0.000764501,-3.97505,327.848
25.2,0.000764464,-3.97497,327.45
25.3,0.000764428,-3.9749,327.053
25.4,0.000764392,-3.97482,326.655
25.5,0.000764355,-3.97474,326.258
25.6,0.000764319,-3.97467,325.86
25.7,0.000764283,-3.97459,325.463
25.8,0.000764246,-3.97451,325.065
25.9,0.00076421,-3.97444,324.668
26,0.000764174,-3.97436,324.27
26.1,0.000764138,-3.97428,323.873
26.2,0.000764101,-3.97421,323.475
26.3,0.000764065,-3.97413,323.078
26.4,0.000764029,-3.97406,322.681
26.5,0.000763992,-3.97398,322.283
26.6,0.000763956,-3.9739,321.886
26.7,0.00076392,-3.97383,321.488
26.8,0.000763884,-3.97375,321.091
26.9,0.000763847,-3.97367,320.694
27,0.000763811,-3.9736,320.296
27.1,0.000763775,-3.97352,319.899
27.2,0.000763739,-3.97344,319.502
27.3,0.000763702,-3.97337,319.104
27.4,0.000763666,-3.97329,318.707
27.5,0.00076363,-3.97322,318.31
27.6,0.000763593,-3.97314,317.912
27.7,0.000763557,-3.97306,317.515
27.8,0.000763521,-3.97299,317.118
27.9,0.000763485,-3.97291,316.72
28,0.000763449,-3.97283,316.323
28.1,0.000763412,-3.97276,315.926
28.2,0.000763376,-3.97268,315.529
28.3,0.00076334,-3.9726,315.131
28.4,0.000763304,-3.97253,314.734
28.5,0.000763267,-3.97245,314.337
28.6,0.000763231,-3.97238,313.94
28.7,0.000763195,-3.9723,313.542
28.8,0.000763159,-3.97222,313.145
28.9,0.000763123,-3.97215,312.748
29,0.000763086,-3.97207,312.351
29.1,0.00076305,-3.97199,311.953
29.2,0.000763014,-3.97192,311.556
29.3,0.000762978,-3.97184,311.159
29.4,0.000762941,-3.97177,310.762
29.5,0.000762905,-3.97169,310.365
29.6,0.000762869,-3.97161,309.968
29.7,0.000762833,-3.97154,309.57
29.8,0.000762797,-3.97146,309.173
29.9,0.000762761,-3.97138,308.776
30,0.000762724,-3.97131,308.379
30.1,0.000762688,-3.97123,307.982
30.2,0.000762652,-3.97116,307.585
30.3,0.000762616,-3.97108,307.188
30.4,0.00076258,-3.971,306.791
30.5,0.000762543,-3.97093,306.393
30.6,0.000762507,-3.97085,305.996
30.7,0.000762471,-3.97077,305.599
30.8,0.000762435,-3.9707,305.202
30.9,0.000762399,-3.97062,304.805
31,0.000762363,-3.97055,304.408
31.1,0.000762327,-3.97047,304.011
31.2,0.00076229,-3.97039,303.614
31.3,0.000762254,-3.97032,303.217
31.4,0.000762218,-3.97024,302.82
31.5,0.000762182,-3.97016,302.423
31.6,0.000762146,-3.97009,302.026
31.7,0.00076211,-3.97001,301.629
31.8,0.000762074,-3.96994,301.232
31.9,0.000762037,-3.96986,300.835
32,0.000762001,-3.96978,300.438
32.1,0.000761965,-3.96971,300.041
32.2,0.000761929,-3.96963,299.644
32.3,0.000761893,-3.96955,299.247
32.4,0.000761857,-3.96948,298.85
32.5,0.000761821,-3.9694,298.453
32.6,0.000761785,-3.96933,298.056
32.7,0.000761748,-3.96925,297.659
32.8,0.000761712,-3.96917,297.262
32.9,0.000761676,-3.9691,296.865
33,0.00076164,-3.96902,296.468
33.1,0.000761604,-3.96894,296.072
33.2,0.000761568,-3.96887,295.675
33.3,0.000761532,-3.96879,295.278
33.4,0.000761496,-3.96872,294.881
33.5,0.00076146,-3.96864,294.484
33.6,0.000761424,-3.96856,294.087
33.7,0.000761387,-3.96849,293.69
33.8,0.000761351,-3.96841,293.294
33.9,0.000761315,-3.96834,292.897
34,0.000761279,-3.96826,292.5
34.1,0.000761243,-3.96818,292.103
34.2,0.000761207,-3.96811,291.706
34.3,0.000761171,-3.96803,291.309
34.4,0.000761135,-3.96796,290.913
34.5,0.000761099,-3.96788,290.516
34.6,0.000761063,-3.9678,290.119
34.7,0.000761027,-3.96773,289.722
34.8,0.000760991,-3.96765,289.325
34.9,0.000760955,-3.96757,288.929
35,0.000760919,-3.9675,288.532
35.1,0.000760883,-3.96742,288.135
35.2,0.000760847,-3.96735,287.738
35.3,0.000760811,-3.96727,287.342
35.4,0.000760775,-3.96719,286.945
35.5,0.000760738,-3.96712,286.548
35.6,0.000760702,-3.96704,286.152
35.7,0.000760666,-3.96697,285.755
35.8,0.00076063,-3.96689,285.358
35.9,0.000760594,-3.96681,284.962
36,0.000760558,-3.96674,284.565
36.1,0.000760522,-3.96666,284.168
36.2,0.000760486,-3.96659,283.772
36.3,0.00076045,-3.96651,283.375
36.4,0.000760414,-3.96643,282.978
36.5,0.000760378,-3.96636,282.582
36.6,0.000760342,-3.96628,282.185
36.7,0.000760306,-3.96621,281.788
36.8,0.00076027,-3.96613,281.392
36.9,0.000760234,-3.96605,280.995
37,0.000760198,-3.96598,280.598
37.1,0.000760162,-3.9659,280.202
37.2,0.000760126,-3.96583,279.805
37.3,0.00076009,-3.96575,279.409
37.4,0.000760054,-3.96567,279.012
37.5,0.000760018,-3.9656,278.616
37.6,0.000759982,-3.96552,278.219
37.7,0.000759946,-3.96545,277.822
37.8,0.00075991,-3.96537,277.426
37.9,0.000759875,-3.96529,277.029
38,0.000759839,-3.96522,276.633
38.1,0.000759803,-3.96514,276.236
38.2,0.000759767,-3.96507,275.84
38.3,0.000759731,-3.96499,275.443
38.4,0.000759695,-3.96491,275.047
38.5,0.000759659,-3.96484,274.65
38.6,0.000759623,-3.96476,274.254
38.7,0.000759587,-3.96469,273.857
38.8,0.000759551,-3.96461,273.461
38.9,0.000759515,-3.96453,273.065
39,0.000759479,-3.96446,272.668
39.1,0.000759443,-3.96438,272.272
39.2,0.000759407,-3.96431,271.875
39.3,0.000759371,-3.96423,271.479
39.4,0.000759335,-3.96415,271.082
39.5,0.000759299,-3.96408,270.686
39.6,0.000759263,-3.964,270.29
39.7,0.000759228,-3.96393,269.893
39.8,0.000759192,-3.96385,269.497
39.9,0.000759156,-3.96377,269.1
40,0.00075912,-3.9637,268.704
40.1,0.000759084,-3.96362,268.308
40.2,0.000759048,-3.96355,267.911
40.3,0.000759012,-3.96347,267.515
40.4,0.000758976,-3.96339,267.119
40.5,0.00075894,-3.96332,266.722
40.6,0.000758904,-3.96324,266.326
40.7,0.000758869,-3.96317,265.93
40.8,0.000758833,-3.96309,265.533
40.9,0.000758797,-3.96302,265.137
41,0.000758761,-3.96294,264.741
41.1,0.000758725,-3.96286,264.344
41.2,0.000758689,-3.96279,263.948
41.3,0.000758653,-3.96271,263.552
41.4,0.000758617,-3.96264,263.156
41.5,0.000758581,-3.96256,262.759
41.6,0.000758546,-3.96248,262.363
41.7,0.00075851,-3.96241,261.967
41.8,0.000758474,-3.96233,261.571
41.9,0.000758438,-3.96226,261.174
42,0.000758402,-3.96218,260.778
42.1,0.000758366,-3.9621,260.382
42.2,0.00075833,-3.96203,259.986
42.3,0.000758295,-3.96195,259.589
42.4,0.000758259,-3.96188,259.193
42.5,0.000758223,-3.9618,258.797
42.6,0.000758187,-3.96173,258.401
42.7,0.000758151,-3.96165,258.005
42.8,0.000758115,-3.96157,257.609
42.9,0.00075808,-3.9615,257.212
43,0.000758044,-3.96142,256.816
43.1,0.000758008,-3.96135,256.42
43.2,0.000757972,-3.96127,256.024
43.3,0.000757936,-3.9612,255.628
43.4,0.0007579,-3.96112,255.232
43.5,0.000757865,-3.96104,254.836
43.6,0.000757829,-3.96097,254.44
43.7,0.000757793,-3.96089,254.043
43.8,0.000757757,-3.96082,253.647
43.9,0.000757721,-3.96074,253.251
44,0.000757686,-3.96066,252.855
44.1,0.00075765,-3.96059,252.459
44.2,0.000757614,-3.96051,252.063
44.3,0.000757578,-3.96044,251.667
44.4,0.000757542,-3.96036,251.271
44.5,0.000757507,-3.96029,250.875
44.6,0.000757471,-3.96021,250.479
44.7,0.000757435,-3.96013,250.083
44.8,0.000757399,-3.96006,249.687
44.9,0.000757364,-3.95998,249.291
45,0.000757328,-3.95991,248.895
45.1,0.000757292,-3.95983,248.499
45.2,0.000757256,-3.95976,248.103
45.3,0.00075722,-3.95968,247.707
45.4,0.000757185,-3.9596,247.311
45.5,0.000757149,-3.95953,246.915
45.6,0.000757113,-3.95945,246.519
45.7,0.000757077,-3.95938,246.123
45.8,0.000757042,-3.9593,245.727
45.9,0.000757006,-3.95923,245.331
46,0.00075697,-3.95915,244.935
46.1,0.000756934,-3.95907,244.54
46.2,0.000756899,-3.959,244.144
46.3,0.000756863,-3.95892,243.748
46.4,0.000756827,-3.95885,243.352
46.5,0.000756791,-3.95877,242.956
46.6,0.000756756,-3.9587,242.56
46.7,0.00075672,-3.95862,242.164
46.8,0.000756684,-3.95854,241.768
46.9,0.000756649,-3.95847,241.373
47,0.000756613,-3.95839,240.977
47.1,0.000756577,-3.95832,240.581
47.2,0.000756541,-3.95824,240.185
47.3,0.000756506,-3.95817,239.789
47.4,0.00075647,-3.95809,239.393
47.5,0.000756434,-3.95802,238.998
47.6,0.000756399,-3.95794,238.602
47.7,0.000756363,-3.95786,238.206
47.8,0.000756327,-3.95779,237.81
47.9,0.000756291,-3.95771,237.414
48,0.000756256,-3.95764,237.019
48.1,0.00075622,-3.95756,236.623
48.2,0.000756184,-3.95749,236.227
48.3,0.000756149,-3.95741,235.831
48.4,0.000756113,-3.95733,235.436
48.5,0.000756077,-3.95726,235.04
48.6,0.000756042,-3.95718,234.644
48.7,0.000756006,-3.95711,234.248
48.8,0.00075597,-3.95703,233.853
48.9,0.000755935,-3.95696,233.457
49,0.000755899,-3.95688,233.061
49.1,0.000755863,-3.95681,232.666
49.2,0.000755828,-3.95673,232.27
49.3,0.000755792,-3.95665,231.874
49.4,0.000755756,-3.95658,231.479
49.5,0.000755721,-3.9565,231.083
49.6,0.000755685,-3.95643,230.687
49.7,0.000755649,-3.95635,230.292
49.8,0.000755614,-3.95628,229.896
49.9,0.000755578,-3.9562,229.501
50,0.000755542,-3.95613,229.105
50.1,0.000755507,-3.95605,228.709
50.2,0.000755471,-3.95597,228.314
50.3,0.000755435,-3.9559,227.918
50.4,0.0007554,-3.95582,227.523
50.5,0.000755364,-3.95575,227.127
50.6,0.000755329,-3.95567,226.731
50.7,0.000755293,-3.9556,226.336
50.8,0.000755257,-3.95552,225.94
50.9,0.000755222,-3.95545,225.545
51,0.000755186,-3.95537,225.149
51.1,0.000755151,-3.95529,224.754
51.2,0.000755115,-3.95522,224.358
51.3,0.000755079,-3.95514,223.963
51.4,0.000755044,-3.95507,223.567
51.5,0.000755008,-3.95499,223.172
51.6,0.000754972,-3.95492,222.776
51.7,0.000754937,-3.95484,222.381
51.8,0.000754901,-3.95477,221.985
51.9,0.000754866,-3.95469,221.59
52,0.00075483,-3.95461,221.194
52.1,0.000754795,-3.95454,220.799
52.2,0.000754759,-3.95446,220.403
52.3,0.000754723,-3.95439,220.008
52.4,0.000754688,-3.95431,219.612
52.5,0.000754652,-3.95424,219.217
52.6,0.000754617,-3.95416,218.822
52.7,0.000754581,-3.95409,218.426
52.8,0.000754546,-3.95401,218.031
52.9,0.00075451,-3.95394,217.635
53,0.000754474,-3.95386,217.24
53.1,0.000754439,-3.95378,216.845
53.2,0.000754403,-3.95371,216.449
53.3,0.000754368,-3.95363,216.054
53.4,0.000754332,-3.95356,215.658
53.5,0.000754297,-3.95348,215.263
53.6,0.000754261,-3.95341,214.868
53.7,0.000754226,-3.95333,214.472
53.8,0.00075419,-3.95326,214.077
53.9,0.000754154,-3.95318,213.682
54,0.000754119,-3.95311,213.286
54.1,0.000754083,-3.95303,212.891
54.2,0.000754048,-3.95295,212.496
54.3,0.000754012,-3.95288,212.101
54.4,0.000753977,-3.9528,211.705
54.5,0.000753941,-3.95273,211.31
54.6,0.000753906,-3.95265,210.915
54.7,0.00075387,-3.95258,210.519
54.8,0.000753835,-3.9525,210.124
54.9,0.000753799,-3.95243,209.729
55,0.000753764,-3.95235,209.334
55.1,0.000753728,-3.95228,208.938
55.2,0.000753693,-3.9522,208.543
55.3,0.000753657,-3.95213,208.148
55.4,0.000753622,-3.95205,207.753
55.5,0.000753586,-3.95197,207.358
55.6,0.000753551,-3.9519,206.962
55.7,0.000753515,-3.95182,206.567
55.8,0.00075348,-3.95175,206.172
55.9,0.000753444,-3.95167,205.777
56,0.000753409,-3.9516,205.382
56.1,0.000753373,-3.95152,204.987
56.2,0.000753338,-3.95145,204.591
56.3,0.000753302,-3.95137,204.196
56.4,0.000753267,-3.9513,203.801
56.5,0.000753231,-3.95122,203.406
56.6,0.000753196,-3.95115,203.011
56.7,0.000753161,-3.95107,202.616
56.8,0.000753125,-3.951,202.221
56.9,0.00075309,-3.95092,201.826
57,0.000753054,-3.95084,201.431
57.1,0.000753019,-3.95077,201.035
57.2,0.000752983,-3.95069,200.64
57.3,0.000752948,-3.95062,200.245
57.4,0.000752912,-3.95054,199.85
57.5,0.000752877,-3.95047,199.455
57.6,0.000752841,-3.95039,199.06
57.7,0.000752806,-3.95032,198.665
57.8,0.000752771,-3.95024,198.27
57.9,0.000752735,-3.95017,197.875
58,0.0007527,-3.95009,197.48
58.1,0.000752664,-3.95002,197.085
58.2,0.000752629,-3.94994,196.69
58.3,0.000752594,-3.94987,196.295
58.4,0.000752558,-3.94979,195.9
58.5,0.000752523,-3.94972,195.505
58.6,0.000752487,-3.94964,195.11
58.7,0.000752452,-3.94957,194.715
58.8,0.000752416,-3.94949,194.32
58.9,0.000752381,-3.94941,193.925
59,0.000752346,-3.94934,193.53
59.1,0.00075231,-3.94926,193.135
59.2,0.000752275,-3.94919,192.74
59.3,0.000752239,-3.94911,192.346
59.4,0.000752204,-3.94904,191.951
59.5,0.000752169,-3.94896,191.556
59.6,0.000752133,-3.94889,191.161
59.7,0.000752098,-3.94881,190.766
59.8,0.000752063,-3.94874,190.371
59.9,0.000752027,-3.94866,189.976
60,0.000751992,-3.94859,189.581
60.1,0.000751956,-3.94851,189.187
60.2,0.000751921,-3.94844,188.792
60.3,0.000751886,-3.94836,188.397
60.4,0.00075185,-3.94829,188.002
60.5,0.000751815,-3.94821,187.607
60.6,0.00075178,-3.94814,187.212
60.7,0.000751744,-3.94806,186.818
60.8,0.000751709,-3.94799,186.423
60.9,0.000751674,-3.94791,186.028
61,0.000751638,-3.94784,185.633
61.1,0.000751603,-3.94776,185.238
61.2,0.000751567,-3.94769,184.844
61.3,0.000751532,-3.94761,184.449
61.4,0.000751497,-3.94753,184.054
61.5,0.000751461,-3.94746,183.659
61.6,0.000751426,-3.94738,183.265
61.7,0.000751391,-3.94731,182.87
61.8,0.000751355,-3.94723,182.475
61.9,0.00075132,-3.94716,182.08
62,0.000751285,-3.94708,181.686
62.1,0.00075125,-3.94701,181.291
62.2,0.000751214,-3.94693,180.896
62.3,0.000751179,-3.94686,180.502
62.4,0.000751144,-3.94678,180.107
62.5,0.000751108,-3.94671,179.712
62.6,0.000751073,-3.94663,179.318
62.7,0.000751038,-3.94656,178.923
62.8,0.000751002,-3.94648,178.528
62.9,0.000750967,-3.94641,178.134
63,0.000750932,-3.94633,177.739
63.1,0.000750896,-3.94626,177.344
63.2,0.000750861,-3.94618,176.95
63.3,0.000750826,-3.94611,176.555
63.4,0.000750791,-3.94603,176.161
63.5,0.000750755,-3.94596,175.766
63.6,0.00075072,-3.94588,175.371
63.7,0.000750685,-3.94581,174.977
63.8,0.00075065,-3.94573,174.582
63.9,0.000750614,-3.94566,174.188
64,0.000750579,-3.94558,173.793
64.1,0.000750544,-3.94551,173.398
64.2,0.000750508,-3.94543,173.004
64.3,0.000750473,-3.94536,172.609
64.4,0.000750438,-3.94528,172.215
64.5,0.000750403,-3.94521,171.82
64.6,0.000750367,-3.94513,171.426
64.7,0.000750332,-3.94506,171.031
64.8,0.000750297,-3.94498,170.637
64.9,0.000750262,-3.94491,170.242
65,0.000750226,-3.94483,169.848
65.1,0.000750191,-3.94476,169.453
65.2,0.000750156,-3.94468,169.059
65.3,0.000750121,-3.94461,168.664
65.4,0.000750086,-3.94453,168.27
65.5,0.00075005,-3.94446,167.875
65.6,0.000750015,-3.94438,167.481
65.7,0.00074998,-3.94431,167.087
65.8,0.000749945,-3.94423,166.692
65.9,0.000749909,-3.94416,166.298
66,0.000749874,-3.94408,165.903
66.1,0.000749839,-3.94401,165.509
66.2,0.000749804,-3.94393,165.115
66.3,0.000749769,-3.94386,164.72
66.4,0.000749733,-3.94378,164.326
66.5,0.000749698,-3.94371,163.931
66.6,0.000749663,-3.94363,163.537
66.7,0.000749628,-3.94356,163.143
66.8,0.000749593,-3.94348,162.748
66.9,0.000749557,-3.94341,162.354
67,0.000749522,-3.94333,161.96
67.1,0.000749487,-3.94326,161.565
67.2,0.000749452,-3.94318,161.171
67.3,0.000749417,-3.94311,160.777
67.4,0.000749381,-3.94303,160.382
67.5,0.000749346,-3.94296,159.988
67.6,0.000749311,-3.94288,159.594
67.7,0.000749276,-3.94281,159.2
67.8,0.000749241,-3.94273,158.805
67.9,0.000749206,-3.94266,158.411
68,0.00074917,-3.94258,158.017
68.1,0.000749135,-3.94251,157.622
68.2,0.0007491,-3.94243,157.228
68.3,0.000749065,-3.94236,156.834
68.4,0.00074903,-3.94228,156.44
68.5,0.000748995,-3.94221,156.045
68.6,0.000748959,-3.94213,155.651
68.7,0.000748924,-3.94206,155.257
68.8,0.000748889,-3.94198,154.863
68.9,0.000748854,-3.94191,154.469
69,0.000748819,-3.94183,154.074
69.1,0.000748784,-3.94176,153.68
69.2,0.000748749,-3.94168,153.286
69.3,0.000748714,-3.94161,152.892
69.4,0.000748678,-3.94153,152.498
69.5,0.000748643,-3.94146,152.104
69.6,0.000748608,-3.94138,151.71
69.7,0.000748573,-3.94131,151.315
69.8,0.000748538,-3.94123,150.921
69.9,0.000748503,-3.94116,150.527
70,0.000748468,-3.94109,150.133
70.1,0.000748433,-3.94101,149.739
70.2,0.000748398,-3.94094,149.345
70.3,0.000748362,-3.94086,148.951
70.4,0.000748327,-3.94079,148.557
70.5,0.000748292,-3.94071,148.163
70.6,0.000748257,-3.94064,147.769
70.7,0.000748222,-3.94056,147.374
70.8,0.000748187,-3.94049,146.98
70.9,0.000748152,-3.94041,146.586
71,0.000748117,-3.94034,146.192
71.1,0.000748082,-3.94026,145.798
71.2,0.000748047,-3.94019,145.404
71.3,0.000748012,-3.94011,145.01
71.4,0.000747976,-3.94004,144.616
71.5,0.000747941,-3.93996,144.222
71.6,0.000747906,-3.93989,143.828
71.7,0.000747871,-3.93981,143.434
71.8,0.000747836,-3.93974,143.04
71.9,0.000747801,-3.93966,142.646
72,0.000747766,-3.93959,142.252
72.1,0.000747731,-3.93951,141.858
72.2,0.000747696,-3.93944,141.464
72.3,0.000747661,-3.93936,141.071
72.4,0.000747626,-3.93929,140.677
72.5,0.000747591,-3.93922,140.283
72.6,0.000747556,-3.93914,139.889
72.7,0.000747521,-3.93907,139.495
72.8,0.000747486,-3.93899,139.101
72.9,0.000747451,-3.93892,138.707
73,0.000747416,-3.93884,138.313
73.1,0.000747381,-3.93877,137.919
73.2,0.000747346,-3.93869,137.525
73.3,0.000747311,-3.93862,137.132
73.4,0.000747276,-3.93854,136.738
73.5,0.000747241,-3.93847,136.344
73.6,0.000747205,-3.93839,135.95
73.7,0.00074717,-3.93832,135.556
73.8,0.000747135,-3.93824,135.162
73.9,0.0007471,-3.93817,134.768
74,0.000747065,-3.93809,134.375
74.1,0.00074703,-3.93802,133.981
74.2,0.000746995,-3.93794,133.587
74.3,0.00074696,-3.93787,133.193
74.4,0.000746925,-3.9378,132.799
74.5,0.00074689,-3.93772,132.406
74.6,0.000746855,-3.93765,132.012
74.7,0.00074682,-3.93757,131.618
74.8,0.000746786,-3.9375,131.224
74.9,0.000746751,-3.93742,130.831
75,0.000746716,-3.93735,130.437
75.1,0.000746681,-3.93727,130.043
75.2,0.000746646,-3.9372,129.649
75.3,0.000746611,-3.93712,129.256
75.4,0.000746576,-3.93705,128.862
75.5,0.000746541,-3.93697,128.468
75.6,0.000746506,-3.9369,128.075
75.7,0.000746471,-3.93682,127.681
75.8,0.000746436,-3.93675,127.287
75.9,0.000746401,-3.93668,126.894
76,0.000746366,-3.9366,126.5
76.1,0.000746331,-3.93653,126.106
76.2,0.000746296,-3.93645,125.713
76.3,0.000746261,-3.93638,125.319
76.4,0.000746226,-3.9363,124.925
76.5,0.000746191,-3.93623,124.532
76.6,0.000746156,-3.93615,124.138
76.7,0.000746121,-3.93608,123.745
76.8,0.000746086,-3.936,123.351
76.9,0.000746051,-3.93593,122.957
77,0.000746017,-3.93585,122.564
77.1,0.000745982,-3.93578,122.17
77.2,0.000745947,-3.93571,121.777
77.3,0.000745912,-3.93563,121.383
77.4,0.000745877,-3.93556,120.989
77.5,0.000745842,-3.93548,120.596
77.6,0.000745807,-3.93541,120.202
77.7,0.000745772,-3.93533,119.809
77.8,0.000745737,-3.93526,119.415
77.9,0.000745702,-3.93518,119.022
78,0.000745667,-3.93511,118.628
78.1,0.000745632,-3.93503,118.235
78.2,0.000745598,-3.93496,117.841
78.3,0.000745563,-3.93488,117.448
78.4,0.000745528,-3.93481,117.054
78.5,0.000745493,-3.93474,116.661
78.6,0.000745458,-3.93466,116.267
78.7,0.000745423,-3.93459,115.874
78.8,0.000745388,-3.93451,115.48
78.9,0.000745353,-3.93444,115.087
79,0.000745319,-3.93436,114.694
79.1,0.000745284,-3.93429,114.3
79.2,0.000745249,-3.93421,113.907
79.3,0.000745214,-3.93414,113.513
79.4,0.000745179,-3.93407,113.12
79.5,0.000745144,-3.93399,112.726
79.6,0.000745109,-3.93392,112.333
79.7,0.000745074,-3.93384,111.94
79.8,0.00074504,-3.93377,111.546
79.9,0.000745005,-3.93369,111.153
80,0.00074497,-3.93362,110.76
80.1,0.000744935,-3.93354,110.366
80.2,0.0007449,-3.93347,109.973
80.3,0.000744865,-3.93339,109.579
80.4,0.000744831,-3.93332,109.186
80.5,0.000744796,-3.93325,108.793
80.6,0.000744761,-3.93317,108.4
80.7,0.000744726,-3.9331,108.006
80.8,0.000744691,-3.93302,107.613
80.9,0.000744656,-3.93295,107.22
81,0.000744622,-3.93287,106.826
81.1,0.000744587,-3.9328,106.433
81.2,0.000744552,-3.93272,106.04
81.3,0.000744517,-3.93265,105.646
81.4,0.000744482,-3.93258,105.253
81.5,0.000744448,-3.9325,104.86
81.6,0.000744413,-3.93243,104.467
81.7,0.000744378,-3.93235,104.073
81.8,0.000744343,-3.93228,103.68
81.9,0.000744308,-3.9322,103.287
82,0.000744273,-3.93213,102.894
82.1,0.000744239,-3.93205,102.501
82.2,0.000744204,-3.93198,102.107
82.3,0.000744169,-3.93191,101.714
82.4,0.000744134,-3.93183,101.321
82.5,0.0007441,-3.93176,100.928
82.6,0.000744065,-3.93168,100.535
82.7,0.00074403,-3.93161,100.141
82.8,0.000743995,-3.93153,99.7483
82.9,0.00074396,-3.93146,99.3552
83,0.000743926,-3.93138,98.962
83.1,0.000743891,-3.93131,98.5689
83.2,0.000743856,-3.93124,98.1758
83.3,0.000743821,-3.93116,97.7827
83.4,0.000743787,-3.93109,97.3895
83.5,0.000743752,-3.93101,96.9964
83.6,0.000743717,-3.93094,96.6033
83.7,0.000743682,-3.93086,96.2103
83.8,0.000743648,-3.93079,95.8172
83.9,0.000743613,-3.93072,95.4241
84,0.000743578,-3.93064,95.031
84.1,0.000743543,-3.93057,94.638
84.2,0.000743509,-3.93049,94.2449
84.3,0.000743474,-3.93042,93.8519
84.4,0.000743439,-3.93034,93.4588
84.5,0.000743404,-3.93027,93.0658
84.6,0.00074337,-3.93019,92.6728
84.7,0.000743335,-3.93012,92.2798
84.8,0.0007433,-3.93005,91.8868
84.9,0.000743266,-3.92997,91.4938
85,0.000743231,-3.9299,91.1008
85.1,0.000743196,-3.92982,90.7078
85.2,0.000743161,-3.92975,90.3148
85.3,0.000743127,-3.92967,89.9218
85.4,0.000743092,-3.9296,89.5289
85.5,0.000743057,-3.92953,89.1359
85.6,0.000743023,-3.92945,88.743
85.7,0.000742988,-3.92938,88.35
85.8,0.000742953,-3.9293,87.9571
85.9,0.000742918,-3.92923,87.5642
86,0.000742884,-3.92915,87.1712
86.1,0.000742849,-3.92908,86.7783
86.2,0.000742814,-3.92901,86.3854
86.3,0.00074278,-3.92893,85.9925
86.4,0.000742745,-3.92886,85.5996
86.5,0.00074271,-3.92878,85.2067
86.6,0.000742676,-3.92871,84.8139
86.7,0.000742641,-3.92863,84.421
86.8,0.000742606,-3.92856,84.0281
86.9,0.000742572,-3.92849,83.6353
87,0.000742537,-3.92841,83.2424
87.1,0.000742502,-3.92834,82.8496
87.2,0.000742468,-3.92826,82.4568
87.3,0.000742433,-3.92819,82.064
87.4,0.000742398,-3.92811,81.6711
87.5,0.000742364,-3.92804,81.2783
87.6,0.000742329,-3.92797,80.8855
87.7,0.000742294,-3.92789,80.4927
87.8,0.00074226,-3.92782,80.1
87.9,0.000742225,-3.92774,79.7072
88,0.00074219,-3.92767,79.3144
88.1,0.000742156,-3.9276,78.9216
88.2,0.000742121,-3.92752,78.5289
88.3,0.000742087,-3.92745,78.1361
88.4,0.000742052,-3.92737,77.7434
88.5,0.000742017,-3.9273,77.3507
88.6,0.000741983,-3.92722,76.9579
88.7,0.000741948,-3.92715,76.5652
88.8,0.000741913,-3.92708,76.1725
88.9,0.000741879,-3.927,75.7798
89,0.000741844,-3.92693,75.3871
89.1,0.00074181,-3.92685,74.9944
89.2,0.000741775,-3.92678,74.6017
89.3,0.00074174,-3.9267,74.2091
89.4,0.000741706,-3.92663,73.8164
89.5,0.000741671,-3.92656,73.4237
89.6,0.000741637,-3.92648,73.0311
89.7,0.000741602,-3.92641,72.6384
89.8,0.000741567,-3.92633,72.2458
89.9,0.000741533,-3.92626,71.8532
90,0.000741498,-3.92619,71.4606
90.1,0.000741464,-3.92611,71.0679
90.2,0.000741429,-3.92604,70.6753
90.3,0.000741394,-3.92596,70.2827
90.4,0.00074136,-3.92589,69.8901
90.5,0.000741325,-3.92581,69.4976
90.6,0.000741291,-3.92574,69.105
90.7,0.000741256,-3.92567,68.7124
90.8,0.000741222,-3.92559,68.3198
90.9,0.000741187,-3.92552,67.9273
91,0.000741152,-3.92544,67.5347
91.1,0.000741118,-3.92537,67.1422
91.2,0.000741083,-3.9253,66.7497
91.3,0.000741049,-3.92522,66.3571
91.4,0.000741014,-3.92515,65.9646
91.5,0.00074098,-3.92507,65.5721
91.6,0.000740945,-3.925,65.1796
91.7,0.00074091,-3.92493,64.7871
91.8,0.000740876,-3.92485,64.3946
91.9,0.000740841,-3.92478,64.0021
92,0.000740807,-3.9247,63.6097
92.1,0.000740772,-3.92463,63.2172
92.2,0.000740738,-3.92456,62.8247
92.3,0.000740703,-3.92448,62.4323
92.4,0.000740669,-3.92441,62.0398
92.5,0.000740634,-3.92433,61.6474
92.6,0.0007406,-3.92426,61.255
92.7,0.000740565,-3.92418,60.8626
92.8,0.000740531,-3.92411,60.4701
92.9,0.000740496,-3.92404,60.0777
93,0.000740462,-3.92396,59.6853
93.1,0.000740427,-3.92389,59.2929
93.2,0.000740393,-3.92381,58.9006
93.3,0.000740358,-3.92374,58.5082
93.4,0.000740324,-3.92367,58.1158
93.5,0.000740289,-3.92359,57.7234
93.6,0.000740255,-3.92352,57.3311
93.7,0.00074022,-3.92344,56.9387
93.8,0.000740186,-3.92337,56.5464
93.9,0.000740151,-3.9233,56.1541
94,0.000740117,-3.92322,55.7617
94.1,0.000740082,-3.92315,55.3694
94.2,0.000740048,-3.92307,54.9771
94.3,0.000740013,-3.923,54.5848
94.4,0.000739979,-3.92293,54.1925
94.5,0.000739944,-3.92285,53.8002
94.6,0.00073991,-3.92278,53.4079
94.7,0.000739875,-3.9227,53.0157
94.8,0.000739841,-3.92263,52.6234
94.9,0.000739806,-3.92256,52.2311
95,0.000739772,-3.92248,51.8389
95.1,0.000739737,-3.92241,51.4466
95.2,0.000739703,-3.92233,51.0544
95.3,0.000739669,-3.92226,50.6622
95.4,0.000739634,-3.92219,50.27
95.5,0.0007396,-3.92211,49.8777
95.6,0.000739565,-3.92204,49.4855
95.7,0.000739531,-3.92196,49.0933
95.8,0.000739496,-3.92189,48.7011
95.9,0.000739462,-3.92182,48.309
96,0.000739427,-3.92174,47.9168
96.1,0.000739393,-3.92167,47.5246
96.2,0.000739359,-3.92159,47.1324
96.3,0.000739324,-3.92152,46.7403
96.4,0.00073929,-3.92145,46.3481
96.5,0.000739255,-3.92137,45.956
96.6,0.000739221,-3.9213,45.5639
96.7,0.000739186,-3.92123,45.1717
96.8,0.000739152,-3.92115,44.7796
96.9,0.000739118,-3.92108,44.3875
97,0.000739083,-3.921,43.9954
97.1,0.000739049,-3.92093,43.6033
97.2,0.000739014,-3.92086,43.2112
97.3,0.00073898,-3.92078,42.8191
97.4,0.000738946,-3.92071,42.4271
97.5,0.000738911,-3.92063,42.035
97.6,0.000738877,-3.92056,41.6429
97.7,0.000738842,-3.92049,41.2509
97.8,0.000738808,-3.92041,40.8588
97.9,0.000738774,-3.92034,40.4668
98,0.000738739,-3.92026,40.0748
98.1,0.000738705,-3.92019,39.6827
98.2,0.00073867,-3.92012,39.2907
98.3,0.000738636,-3.92004,38.8987
98.4,0.000738602,-3.91997,38.5067
98.5,0.000738567,-3.9199,38.1147
98.6,0.000738533,-3.91982,37.7227
98.7,0.000738499,-3.91975,37.3308
98.8,0.000738464,-3.91967,36.9388
98.9,0.00073843,-3.9196,36.5468
99,0.000738396,-3.91953,36.1549
99.1,0.000738361,-3.91945,35.7629
99.2,0.000738327,-3.91938,35.371
99.3,0.000738292,-3.9193,34.979
99.4,0.000738258,-3.91923,34.5871
99.5,0.000738224,-3.91916,34.1952
99.6,0.000738189,-3.91908,33.8033
99.7,0.000738155,-3.91901,33.4114
99.8,0.000738121,-3.91894,33.0195
99.9,0.000738086,-3.91886,32.6276
100,0.000738052,-3.91879,32.2357
100.1,0.000738018,-3.91871,31.8438
100.2,0.000737983,-3.91864,31.452
100.3,0.000737949,-3.91857,31.0601
100.4,0.000737915,-3.91849,30.6683
100.5,0.00073788,-3.91842,30.2764
100.6,0.000737846,-3.91835,29.8846
100.7,0.000737812,-3.91827,29.4927
100.8,0.000737777,-3.9182,29.1009
100.9,0.000737743,-3.91812,28.7091
101,0.000737709,-3.91805,28.3173
101.1,0.000737675,-3.91798,27.9255
101.2,0.00073764,-3.9179,27.5337
101.3,0.000737606,-3.91783,27.1419
101.4,0.000737572,-3.91775,26.7501
101.5,0.000737537,-3.91768,26.3584
101.6,0.000737503,-3.91761,25.9666
101.7,0.000737469,-3.91753,25.5748
101.8,0.000737435,-3.91746,25.1831
101.9,0.0007374,-3.91739,24.7913
102,0.000737366,-3.91731,24.3996
102.1,0.000737332,-3.91724,24.0079
102.2,0.000737297,-3.91717,23.6162
102.3,0.000737263,-3.91709,23.2245
102.4,0.000737229,-3.91702,22.8327
102.5,0.000737195,-3.91694,22.441
102.6,0.00073716,-3.91687,22.0494
102.7,0.000737126,-3.9168,21.6577
102.8,0.000737092,-3.91672,21.266
102.9,0.000737057,-3.91665,20.8743
103,0.000737023,-3.91658,20.4827
103.1,0.000736989,-3.9165,20.091
103.2,0.000736955,-3.91643,19.6994
103.3,0.00073692,-3.91635,19.3077
103.4,0.000736886,-3.91628,18.9161
103.5,0.000736852,-3.91621,18.5245
103.6,0.000736818,-3.91613,18.1329
103.7,0.000736784,-3.91606,17.7412
103.8,0.000736749,-3.91599,17.3496
103.9,0.000736715,-3.91591,16.9581
104,0.000736681,-3.91584,16.5665
104.1,0.000736647,-3.91576,16.1749
104.2,0.000736612,-3.91569,15.7833
104.3,0.000736578,-3.91562,15.3917
104.4,0.000736544,-3.91554,15.0002
104.5,0.00073651,-3.91547,14.6086
104.6,0.000736475,-3.9154,14.2171
104.7,0.000736441,-3.91532,13.8256
104.8,0.000736407,-3.91525,13.434
104.9,0.000736373,-3.91518,13.0425
105,0.000736339,-3.9151,12.651
105.1,0.000736304,-3.91503,12.2595
105.2,0.00073627,-3.91495,11.868
105.3,0.000736236,-3.91488,11.4765
105.4,0.000736202,-3.91481,11.085
105.5,0.000736168,-3.91473,10.6935
105.6,0.000736133,-3.91466,10.3021
105.7,0.000736099,-3.91459,9.9106
105.8,0.000736065,-3.91451,9.51915
105.9,0.000736031,-3.91444,9.1277
106,0.000735997,-3.91437,8.73626
106.1,0.000735963,-3.91429,8.34483
106.2,0.000735928,-3.91422,7.9534
106.3,0.000735894,-3.91414,7.56198
106.4,0.00073586,-3.91407,7.17057
106.5,0.000735826,-3.914,6.77917
106.6,0.000735792,-3.91392,6.38777
106.7,0.000735757,-3.91385,5.99638
106.8,0.000735723,-3.91378,5.605
106.9,0.000735689,-3.9137,5.21363
107,0.000735655,-3.91363,4.82226
107.1,0.000735621,-3.91356,4.4309
107.2,0.000735587,-3.91348,4.03955
107.3,0.000735553,-3.91341,3.6482
107.4,0.000735518,-3.91334,3.25687
107.5,0.000735484,-3.91326,2.86554
107.6,0.00073545,-3.91319,2.47422
107.7,0.000735416,-3.91312,2.0829
107.8,0.000735382,-3.91304,1.69159
107.9,0.000735348,-3.91297,1.30029
108,0.000735314,-3.91289,0.908999
108.1,0.000735279,-3.91282,0.517713
108.2,0.000735245,-3.91275,0.126434
